Rank,Application ID,Applicant Name,Eligibility Status,Composite Score,S1_Registration_Track_Record_5% Score,S1_Registration_Track_Record_5% Reason,S2_Financial_Position_20% Score,S2_Financial_Position_20% Reason,S3_Market_Demand_Competitiveness_20% Score,S3_Market_Demand_Competitiveness_20% Reason,S4_Business_Proposal_Viability_25% Score,S4_Business_Proposal_Viability_25% Reason,S5_Value_Chain_Alignment_10% Score,S5_Value_Chain_Alignment_10% Reason,S6_Inclusivity_Sustainability_20% Score,S6_Inclusivity_Sustainability_20% Reason,Ineligibility Criterion Failed,Reason
1,Kisii_CN3U,Boka eats limited,ELIGIBLE,82.50,4.1,"Registered in 2021, giving 4 years of track record; private company status.",4.7,"Reported 2024 revenue of KES 6,456,860.00; accounting system: QuickBooks.",5.0,B2B sales account for 90.0%; a market strategy is described.,3.6,Includes a structured growth plan with specific expansion actions.,3.8,Activity aligns with the other priority value chain.,3.5,Inclusivity evidence is limited or not strongly differentiated.,,
2,Kisii_HYRJ,ECO RESORT MISISITA LIMITED,ELIGIBLE,81.80,5.0,"Registered in 2015, giving 10 years of track record; other status.",3.7,"Reported 2024 revenue of KES 2,000,000.00; accounting system: Zoho Books.",5.0,B2B sales account for 40.0%; a market strategy is described.,3.6,Includes a structured growth plan with specific expansion actions.,5.0,Activity aligns with the Dairy priority value chain.,3.5,Inclusivity evidence is limited or not strongly differentiated.,,
3,Kisii_CARO,NYAKOBOKI NAGRIP POULTRY FARMERS CO-OPERATIVE,ELIGIBLE,81.20,4.6,"Registered in 2019, giving 6 years of track record; cooperative status.",4.8,"Reported 2024 revenue of KES 8,208,000.00; accounting system: not reported.",4.4,B2B sales account for 30.0%; a market strategy is described.,3.4,Includes a structured growth plan with specific expansion actions.,5.0,Activity aligns with the Dairy priority value chain.,3.2,Inclusivity evidence is limited or not strongly differentiated.,,
4,Kisii_HKO1,CEJO ENTERPRISE,ELIGIBLE,79.20,5.0,"Registered in 2018, giving 7 years of track record; private company status.",5.0,"Reported 2024 revenue of KES 8,000,000.00; accounting system: QuickBooks.",5.0,B2B sales account for 70.0%; a market strategy is described.,3.4,Includes a structured growth plan with specific expansion actions.,5.0,Activity aligns with the Textiles priority value chain.,1.8,Inclusivity evidence is limited or not strongly differentiated.,,
5,Kisii_BUWR,Gusii Farm Forestry Co-operative Society Limited,ELIGIBLE,78.80,5.0,"Registered in 2016, giving 9 years of track record; cooperative status.",3.8,"Reported 2024 revenue of KES 2,500,000.00; accounting system: not reported.",5.0,B2B sales account for 40.0%; a market strategy is described.,3.4,Includes a structured growth plan with specific expansion actions.,3.8,Activity aligns with the other priority value chain.,3.5,Inclusivity evidence is limited or not strongly differentiated.,,
6,Kisii_JORU,RIASUTA CO-OPERATIVE SOCIETY LIMITED,ELIGIBLE,78.40,5.0,"Registered in 1963, giving 62 years of track record; cooperative status.",5.0,"Reported 2024 revenue of KES 36,242,384.00; accounting system: QuickBooks.",3.9,B2B sales account for 20.0%; a market strategy is described.,3.4,Includes a structured growth plan with specific expansion actions.,3.8,Activity aligns with the Coffee priority value chain.,3.3,Inclusivity evidence is limited or not strongly differentiated.,,
7,Kisii_GASS,GUSII COFFEE FARMERS CO-OPERATIVE SOCIETY LIMITED,ELIGIBLE,76.80,5.0,"Registered in 1950, giving 75 years of track record; cooperative status.",5.0,"Reported 2024 revenue of KES 78,321,985.00; accounting system: QuickBooks.",5.0,B2B sales account for 98.0%; a market strategy is described.,3.4,Includes a structured growth plan with specific expansion actions.,3.8,Activity aligns with the Coffee priority value chain.,1.8,Inclusivity evidence is limited or not strongly differentiated.,,
8,Kisii_9PJU,NYAGUTA FARMERS CO-OPERATIVE SOCIETY LIMITED,ELIGIBLE,76.80,5.0,"Registered in 1953, giving 72 years of track record; cooperative status.",5.0,"Reported 2024 revenue of KES 28,108,465.00; accounting system: Other.",5.0,B2B sales account for 90.0%; a market strategy is described.,3.4,Includes a structured growth plan with specific expansion actions.,3.8,Activity aligns with the Coffee priority value chain.,1.8,Inclusivity evidence is limited or not strongly differentiated.,,
9,Kisii_O0IZ,Nyamosongo Co-operative Society Ltd,ELIGIBLE,76.40,5.0,"Registered in 1961, giving 64 years of track record; cooperative status.",5.0,"Reported 2024 revenue of KES 12,761,166.00; accounting system: QuickBooks.",5.0,B2B sales account for 100.0%; a market strategy is described.,3.4,Includes a structured growth plan with specific expansion actions.,3.8,Activity aligns with the Coffee priority value chain.,1.7,Inclusivity evidence is limited or not strongly differentiated.,,
10,Kisii_LTWU,NYABIGENA PARTNERS BODA BODA,ELIGIBLE,76.30,4.1,"Registered in 2022, giving 3 years of track record; cooperative status.",3.7,"Reported 2024 revenue of KES 2,200,000.00; accounting system: QuickBooks.",4.4,B2B sales account for 30.0%; a market strategy is described.,3.4,Includes a structured growth plan with specific expansion actions.,5.0,Activity aligns with the Blue Economy priority value chain.,3.2,Inclusivity evidence is limited or not strongly differentiated.,,
11,Kisii_Q0PZ,KENYENYA DAIRY FARMERS CO-OPERATIVE SOCIETY LIMITED,ELIGIBLE,76.00,5.0,"Registered in 2014, giving 11 years of track record; cooperative status.",2.7,"Reported 2024 revenue of KES 118,000.00; accounting system: Other.",5.0,B2B sales account for 60.0%; a market strategy is described.,3.4,Includes a structured growth plan with specific expansion actions.,5.0,Activity aligns with the Dairy priority value chain.,3.3,Inclusivity evidence is limited or not strongly differentiated.,,
12,Kisii_PGB5,KENYUNI WOMEN GROUP,ELIGIBLE,75.60,5.0,"Registered in 2005, giving 20 years of track record; other status.",2.7,"Reported 2024 revenue of KES 140,000.00; accounting system: QuickBooks.",5.0,B2B sales account for 70.0%; a market strategy is described.,3.4,Includes a structured growth plan with specific expansion actions.,5.0,Activity aligns with the Dairy priority value chain.,3.2,Inclusivity evidence is limited or not strongly differentiated.,,
13,Kisii_6JSE,MOGONGA FARMERS CO-OPERATIVE SOCIETY LIMITED,ELIGIBLE,74.10,5.0,"Registered in 1950, giving 75 years of track record; cooperative status.",5.0,"Reported 2024 revenue of KES 11,651,018.00; accounting system: Sage.",2.5,B2B sales account for 0.0%; a market strategy is described.,3.5,Includes a structured growth plan with specific expansion actions.,3.8,Activity aligns with the Coffee priority value chain.,3.5,Inclusivity evidence is limited or not strongly differentiated.,,
14,Kisii_ECWO,KENYORO FARMERS COOPERATIVE SOCIETY LTD,ELIGIBLE,74.00,5.0,"Registered in 1953, giving 72 years of track record; cooperative status.",4.2,"Reported 2024 revenue of KES 4,120,808.00; accounting system: QuickBooks.",5.0,B2B sales account for 100.0%; a market strategy is described.,3.4,Includes a structured growth plan with specific expansion actions.,3.8,Activity aligns with the Coffee priority value chain.,1.9,Inclusivity evidence is limited or not strongly differentiated.,,
15,Kisii_VOR8,NYAMACHE FARMERS COOPERATIVE SOCIETY LIMITED,ELIGIBLE,73.20,5.0,"Registered in 1957, giving 68 years of track record; cooperative status.",5.0,"Reported 2024 revenue of KES 30,000,000.00; accounting system: not reported.",2.5,B2B sales account for 0.0%; a market strategy is described.,3.4,Includes a structured growth plan with specific expansion actions.,3.8,Activity aligns with the Coffee priority value chain.,3.4,Inclusivity evidence is limited or not strongly differentiated.,,
16,Kisii_NTBO,KISII COUNTY BANANA PRODUCTION AND MARKETING COOPERATIVE SOCIETY LTD,ELIGIBLE,71.20,5.0,"Registered in 2016, giving 9 years of track record; cooperative status.",2.8,"Reported 2024 revenue of KES 855,600.00; accounting system: not reported.",4.1,B2B sales account for 15.0%; a market strategy is described.,3.4,Includes a structured growth plan with specific expansion actions.,3.8,Activity aligns with the other priority value chain.,3.5,Inclusivity evidence is limited or not strongly differentiated.,,
17,Kisii_O1HA,SUNEKA JUA KALI ASSOCIATION,ELIGIBLE,69.20,5.0,"Registered in 2009, giving 16 years of track record; msme association status.",2.7,"Reported 2024 revenue of KES 20,000.00; accounting system: QuickBooks.",3.4,B2B sales account for 5.0%; a market strategy is described.,3.4,Includes a structured growth plan with specific expansion actions.,5.0,Activity aligns with the Leather priority value chain.,3.2,Inclusivity evidence is limited or not strongly differentiated.,,
18,Kisii_AD4Z,TABAKA SOAPSTONE JUA KALI ASSOCIATION,ELIGIBLE,69.20,5.0,"Registered in 2002, giving 23 years of track record; msme association status.",2.7,"Reported 2024 revenue of KES 170,000.00; accounting system: QuickBooks.",4.9,B2B sales account for 50.0%; a market strategy is described.,3.4,Includes a structured growth plan with specific expansion actions.,5.0,Activity aligns with the minerals priority value chain.,1.7,Inclusivity evidence is limited or not strongly differentiated.,,
19,Kisii_WBSG,NYAMARAMBE SAFE MILK HANDLING COOPERATIVE SOCIETY,ELIGIBLE,64.00,3.7,"Registered in 2023, giving 2 years of track record; cooperative status.",3.8,"Reported 2024 revenue of KES 4,190,400.00; accounting system: not reported.",2.6,B2B sales account for 0.0%; a market strategy is described.,3.5,Includes a structured growth plan with specific expansion actions.,5.0,Activity aligns with the Dairy priority value chain.,1.8,Inclusivity evidence is limited or not strongly differentiated.,,
20,Kisii_WGWM,Company,ELIGIBLE,63.50,3.3,"Registered in 2023, giving 2 years of track record; other status.",2.7,"Reported 2024 revenue of KES 457,000.00; accounting system: Other.",2.4,B2B sales account for 0.0%; a market strategy is described.,3.4,Includes a structured growth plan with specific expansion actions.,5.0,Activity aligns with the Edible Oils priority value chain.,3.2,Inclusivity evidence is limited or not strongly differentiated.,,
21,Kisii_X56G,kisii south dairy farmers cooperatve society ltd,ELIGIBLE,61.30,5.0,"Registered in 2001, giving 24 years of track record; cooperative status.",2.7,"Reported 2024 revenue of KES 251,400.00; accounting system: Other.",2.5,B2B sales account for 0.0%; a market strategy is described.,3.5,Includes a structured growth plan with specific expansion actions.,5.0,Activity aligns with the Dairy priority value chain.,2.0,Inclusivity evidence is limited or not strongly differentiated.,,
,Kisii_VZUO,NYATURUBO FARMERS CO-OPERATIVE SOCIETY LIMITED,INELIGIBLE,0.00,,,,,,,,,,,,,E4,No financial evidence (Bank/Mpesa) attached.
